Name,Role,Black
Adam Archuleta,Analyst,No
Andre Ware,Analyst,Yes
Anthony Becht,Analyst,No
Anthony Mu√±oz,Analyst,No
Babe Laufenberg,Analyst,No
Bob Griese,Analyst,No
Booger McFarland,Analyst,Yes
Brady Quinn,Analyst,No
Brian Billick,Analyst,No
Brian Griese,Analyst,No
Brock Huard,Analyst,No
Bruce Arians,Analyst,No
Bryan Broaddus,Analyst,No
Carl Banks,Analyst,Yes
Charles Davis,Analyst,Yes
Charlie Batch,Analyst,Yes
Chris Cooley,Analyst,No
Chris Spielman,Analyst,No
Coy Wire,Analyst,No
Cris Carter,Analyst,Yes
Cris Collinsworth,Analyst,No
Dan Fouts,Analyst,No
Daniel Jeremiah,Analyst,No
Daryl Johnston,Analyst,No
Dave Lapham,Analyst,No
Dave McGinnis,Analyst,No
Dave Moore,Analyst,No
Dave Wyman,Analyst,No
David Archer,Analyst,No
Dennis Pitta,Analyst,No
Deuce McAllister,Analyst,Yes
Doug Dieken,Analyst,No
Eugene Robinson,Analyst,Yes
Fred Taylor,Analyst,Yes
Greg Jennings,Analyst,Yes
James Lofton,Analyst,Yes
Jarret Johnson,Analyst,No
Jason Witten,Analyst,No
Jeff Fisher,Analyst,No
Jeff Lageman,Analyst,No
Jim Miller,Analyst,No
Jim Sorgi,Analyst,No
Joe Rose,Analyst,No
Joe Theismann,Analyst,No
Jon Stinchcomb,Analyst,No
Keena Turner,Analyst,Yes
Kendall Gammon,Analyst,No
LaDanian Tomlinson,Analyst,Yes
Larry McCarren,Analyst,No
Lincoln Kennedy,Analyst,Yes
Lomas Brown,Analyst,Yes
Mark Kelso,Analyst,No
Mark Schlereth,Analyst,No
Marty Lyons,Analyst,No
Matt Chatham,Analyst,No
Matt Millen,Analyst,No
Maurice Jones-Drew,Analyst,Yes
Mike Mayock,Analyst,No
Mike Quick,Analyst,Yes
Mike Rucker,Analyst,Yes
Nat Moore,Analyst,Yes
Nate Burleson,Analyst,Yes
Pat McAfee,Analyst,No
Pete Bercich,Analyst,No
Rich Gannon,Analyst,No
Rick Lewis,Analyst,No
Rick Venturi,Analyst,No
Robert Smith,Analyst,Yes
Ron Wolfley,Analyst,No
Ronde Barber,Analyst,Yes
Scott Zolak,Analyst,No
Sean Kelley,Analyst,No
Sonny Jurgensen,Analyst,No
Spencer Tillman,Analyst,Yes
Steve Beuerlein,Analyst,No
Steve Tasker,Analyst,No
Tiki Barber,Analyst,Yes
Tim Couch,Analyst,No
Tim Ryan,Analyst,No
Tom Thayer,Analyst,No
Tony Boselli,Analyst,No
Tony Romo,Analyst,No
Trent Green,Analyst,No
Troy Aikman,Analyst,No
Tunch Ilkin,Analyst,No
Warren Moon,Analyst,Yes
Peter Schrager,Sideline,No
Adam Amin,Play-by-play,No
Al Michaels,Play-by-play,No
Andrew Catalon,Play-by-play,No
Andrew Siciliano,Play-by-play,No
Beth Mowins,Play-by-play,No
Bill Hillgrove,Play-by-play,No
Bill Jones,Play-by-play,No
Bob Fitzgerald,Play-by-play,No
Bob Papa,Play-by-play,No
Bob Pompeani,Play-by-play,No
Bob Socci,Play-by-play,No
Bob Wischusen,Play-by-play,No
Brad Sham,Play-by-play,No
Brent Musburger,Play-by-play,No
Brian Custer,Play-by-play,Yes
Brian Sexton,Play-by-play,No
Carter Blackburn,Play-by-play,No
Chris Myers,Play-by-play,No
Curt Menefee,Play-by-play,Yes
Dan Hellie,Play-by-play,No
Dan Hoard,Play-by-play,No
Dan Miller,Play-by-play,No
Dan Roche,Play-by-play,No
Dave Logan,Play-by-play,No
Dave Pasch,Play-by-play,No
Dick Stockton,Play-by-play,No
Frank Frangie,Play-by-play,No
Gene Deckerhoff,Play-by-play,No
Gerry Sandusky,Play-by-play,No
Greg Gumbel,Play-by-play,Yes
Greg Rakestraw,Play-by-play,No
Ian Eagle,Play-by-play,No
J.B. Long,Play-by-play,No
Jay Crawford,Play-by-play,No
Jeff Joniak,Play-by-play,No
Jim Donovan,Play-by-play,No
Jim Nantz,Play-by-play,No
Jim Szoke,Play-by-play,No
Jimmy Cefalo,Play-by-play,No
Joe Buck,Play-by-play,No
Joe Davis,Play-by-play,No
Joe Tessitore,Play-by-play,No
Joel Meyers,Play-by-play,No
John Murphy,Play-by-play,No
Justin Kutcher,Play-by-play,No
Kenny Albert,Play-by-play,No
Kevin Burkhardt,Play-by-play,No
Kevin Harlan,Play-by-play,No
Kevin Kugler,Play-by-play,No
Kyle Brandt,Play-by-play,No
Larry Michael,Play-by-play,No
Marc Vandermeer,Play-by-play,No
Matt Smith,Play-by-play,No
Matt Shepard,Play-by-play,No
Matt Taylor,Play-by-play,No
Merrill Reese,Play-by-play,No
Mick Mixon,Play-by-play,No
Mike Keith,Play-by-play,No
Mike Watts,Play-by-play,No
Mitch Holthus,Play-by-play,No
Paul Allen,Play-by-play,No
Rob Stone,Play-by-play,No
Sam Rosen,Play-by-play,No
Scott Graham,Play-by-play,No
Shane Bacon,Play-by-play,No
Spero Dedes,Play-by-play,No
Steve Levy,Play-by-play,No
Steve Raible,Play-by-play,No
Ted Robinson,Play-by-play,No
Thom Brennaman,Play-by-play,No
Tim Brando,Play-by-play,No
Tom McCarthy,Play-by-play,No
Wayne Larrivee,Play-by-play,No
Wes Durham,Play-by-play,No
Zach Strief,Play-by-play,No
Lisa Byington,Sideline,No
Amanda Balionis,Sideline,No
Amie Wells,Sideline,No
Ashlyn Sullivan,Sideline,No
B.J. Kissel,Sideline,No
Ben Leber,Sideline,No
Bernie Kosar,Sideline,No
Brent Martineau,Sideline,No
Bruce Beck,Sideline,No
Bruce Feldman,Sideline,No
Caroline Cann,Sideline,No
Chris Townsend,Sideline,No
Clinton Portis,Sideline,Yes
Cory Curtis,Sideline,No
Craig Wolfley,Sideline,No
D'Marco Farr,Sideline,Yes
Dan Lucas,Sideline,No
Dani Welniak,Sideline,No
Dave Spadaro,Sideline,No
Dennis O'Donnell,Sideline,No
DJ Shockley,Sideline,Yes
Doug Gottlieb,Sideline,No
Drew Doughtery,Sideline,No
Dustin Fox,Sideline,No
Erin Andrews,Sideline,No
Evan Washburn,Sideline,No
Greg Coleman,Sideline,Yes
Hayley Elwood,Sideline,No
Howard Cross,Sideline,Yes
Howard Eskin,Sideline,No
Jaime Maggio,Sideline,No
Jane Slater,Sideline,No
Jay Feely,Sideline,No
Jen Mueller,Sideline,No
Jennifer Hale,Sideline,No
Jill Arringtonor,Sideline,No
John Clayton,Sideline,No
John DeShazier,Sideline,Yes
John Harris,Sideline,No
John Michaels,Sideline,No
John Schriffen,Sideline,Yes
Joy Taylor,Sideline,Yes
Jouhn Tournour,Sideline,No
Justin Forsett,Sideline,Yes
Karyn Bryant,Sideline,Yes
Kevin Donnalley,Sideline,No
Kim Bokamper,Sideline,No
Kirk McEwen ,Sideline,Yes
Kristi Scales,Sideline,No
Kristian Garic,Sideline,No
Kristina Pink,Sideline,Yes
Lance Allen,Sideline,No
Larry Hardesty,Sideline,Yes
Laura Okmin,Sideline,No
Lindsay Cash Draper,Sideline,No
Lisa Matthews,Sideline,No
Lisa Salters,Sideline,Yes
Lou Canellis,Sideline,No
Mark Grote,Sideline,No
Megan Olivi,Sideline,No
Melanie Collins,Sideline,No
Michele Tafoya,Sideline,No
Mike Valpredo,Sideline,No
Missi Matthews,Sideline,No
Nathan Zegura,Sideline,No
Otis Livingston,Sideline,Yes
Pam Oliver,Sideline,Yes
Paul Calvisi,Sideline,No
Paul Gerke,Sideline,No
Rich Walsh,Sideline,No
Rick Walker,Sideline,Yes
Rick Ballou,Sideline,No
Rob Ninkovich,Sideline,No
Rod Brooks,Sideline,Yes
Rod Mackey,Sideline,No
Sal Capaccio,Sideline,No
Sara Walsh,Sideline,No
Sarah Kustok,Sideline,No
Shannon Farren,Sideline,No
Shannon Spake,Sideline,No
Sharon Thorsland,Sideline,No
Steve Burton,Sideline,Yes
T.J. Rives,Sideline,No
Thad Brown,Sideline,No
Todd McShay,Sideline,No
Tony Ortiz,Sideline,Yes
Tori Petry,Sideline,No
Tracy Wolfson,Sideline,No
Tyler Polumbus,Sideline,No